{"stat.crouchOneCm":1118,"stat.useItem.minecraft.chest":22,"stat.useItem.minecraft.command_block":12,"stat.useItem.minecraft.iron_bars":14,"stat.useItem.minecraft.stained_glass":1,"achievement.openInventory":156,"stat.damageDealt":11350,"stat.useItem.minecraft.obsidian":20,"stat.useItem.minecraft.stone_button":22,"achievement.exploreAllBiomes":{"value":0,"progress":["Forest","Ocean","Beach","River","ForestHills"]},"stat.useItem.minecraft.item_frame":4,"stat.useItem.minecraft.iron_block":191,"stat.craftItem.minecraft.gold_block":3,"stat.useItem.minecraft.stained_hardened_clay":21,"stat.fallOneCm":2512,"stat.useItem.minecraft.dispenser":1,"stat.flyOneCm":767785,"stat.useItem.minecraft.diamond_sword":24,"stat.useItem.minecraft.dye":9,"stat.useItem.minecraft.stone":11,"stat.useItem.minecraft.redstone":213,"stat.drop":36,"stat.useItem.minecraft.dropper":3,"stat.damageTaken":5244,"stat.useItem.minecraft.repeater":156,"stat.useItem.minecraft.stone_pressure_plate":14,"stat.leaveGame":5,"stat.diveOneCm":2676,"stat.useItem.minecraft.glass":20,"stat.timeSinceDeath":54205,"stat.killEntity.Creeper":1,"stat.useItem.minecraft.crafting_table":9,"stat.useItem.minecraft.gravel":4,"stat.useItem.minecraft.lapis_block":15,"stat.playOneMinute":168860,"stat.useItem.minecraft.painting":196,"stat.useItem.minecraft.tripwire_hook":1,"stat.killEntity.Pig":5,"stat.deaths":6,"stat.useItem.minecraft.wooden_slab":1,"stat.swimOneCm":519,"stat.useItem.minecraft.golden_carrot":3,"stat.mobKills":57,"stat.playerKills":1,"stat.walkOneCm":578249,"stat.useItem.minecraft.string":4,"stat.killEntity.Zombie":45,"stat.useItem.minecraft.sign":8,"stat.useItem.minecraft.iron_door":11,"stat.jump":630,"stat.useItem.minecraft.spawn_egg":5,"stat.useItem.minecraft.iron_sword":116,"stat.sprintOneCm":33028,"stat.useItem.minecraft.dirt":411}