{"stat.crouchOneCm":6271,"stat.useItem.minecraft.command_block":2,"achievement.openInventory":86,"stat.damageDealt":9180,"stat.craftItem.minecraft.gold_nugget":117,"stat.useItem.minecraft.obsidian":43,"stat.useItem.minecraft.stone_button":25,"achievement.exploreAllBiomes":{"value":0,"progress":["Forest","Ocean","Beach","River","ForestHills"]},"stat.useItem.minecraft.iron_block":586,"stat.craftItem.minecraft.gold_block":3,"stat.useItem.minecraft.stained_hardened_clay":21,"stat.fallOneCm":1730,"stat.mineBlock.minecraft.tripwire_hook":1,"stat.useItem.minecraft.diamond_sword":35,"stat.flyOneCm":452373,"stat.useItem.minecraft.dispenser":21,"stat.useItem.minecraft.redstone":147,"stat.drop":121,"stat.useItem.minecraft.cooked_chicken":1,"stat.damageTaken":3795,"stat.useItem.minecraft.dropper":8,"stat.useItem.minecraft.repeater":11,"stat.useItem.minecraft.stone_pressure_plate":5,"stat.leaveGame":3,"stat.diveOneCm":804,"stat.useItem.minecraft.lever":1,"stat.useItem.minecraft.gold_block":1,"stat.useItem.minecraft.glass":12,"stat.timeSinceDeath":19702,"stat.useItem.minecraft.lapis_block":158,"stat.playOneMinute":104299,"stat.craftItem.minecraft.gold_ingot":13,"stat.useItem.minecraft.tripwire_hook":4,"stat.killEntity.Pig":1,"stat.deaths":1,"stat.swimOneCm":175,"stat.mobKills":43,"stat.killEntity.Skeleton":1,"stat.walkOneCm":274467,"stat.useItem.minecraft.stone_stairs":3,"stat.killEntity.Zombie":39,"stat.useItem.minecraft.string":67,"stat.useItem.minecraft.iron_door":7,"stat.jump":267,"stat.useItem.minecraft.spawn_egg":13,"stat.useItem.minecraft.iron_sword":68,"stat.sprintOneCm":41376,"stat.useItem.minecraft.dirt":26}